{
    "qed": {
        "mean": 0.7195562004332452,
        "std": 0.13004599771146944
    },
    "sa": {
        "mean": 0.7612138562611798,
        "std": 0.06663695435624298
    },
    "logp": {
        "mean": 2.570799410827321,
        "std": 1.3405790580975692
    }
}
